"File","Class","TotalBranches","CoveredBranches","UncoveredBranches","BranchCoverage","UncoveredMethods"
"Printing\RawPrinterHelper.cs","POS.Infrastructure.Printing.RawPrinterHelper","88","9","79","10.2","SendRawData (15/20 branches); GetPrinterStatusString (8/8 branches); CheckPrinterAvailable (2/4 branches); FormatStatus (54/54 branches)"
"Hardware\BarcodeScannerService.cs","POS.Infrastructure.Hardware.BarcodeScannerService","32","0","32","0","StartAsync (6/6 branches); StopAsync (6/6 branches); UpdateConfig (4/4 branches); SimulateBarcode (2/2 branches); OnDataReceived (14/14 branches)"
"Hardware\SoundService.cs","POS.Infrastructure.Hardware.SoundService","17","0","17","0","SetEventEnabled (2/2 branches); Play (15/15 branches)"
"Security\PermissionService.cs","POS.Infrastructure.Security.PermissionService/<GetPermissionsAsync>d__6","14","0","14","0","MoveNext (14/14 branches)"
"Backup\SqlBackupExecutor.cs","POS.Infrastructure.Backup.SqlBackupExecutor/<RestoreDatabaseAsync>d__6","14","2","12","14.3","MoveNext (12/14 branches)"
"Backup\SqlBackupExecutor.cs","POS.Infrastructure.Backup.SqlBackupExecutor","12","2","10","16.7","GetDatabaseName (2/4 branches); GetDefaultDataPath (4/4 branches); GetDefaultLogPath (4/4 branches)"
"Security\PermissionService.cs","POS.Infrastructure.Security.PermissionService/<GetAllRolePermissionsAsync>d__7","8","0","8","0","MoveNext (8/8 branches)"
"Printing\ESCPOSPrinter.cs","POS.Infrastructure.Printing.ESCPOSPrinter/<PrintReceiptAsync>d__6","54","46","8","85.2","MoveNext (8/54 branches)"
"Repositories\UnitOfWork.cs","POS.Infrastructure.Repositories.UnitOfWork/<RollbackAsync>d__115","6","0","6","0","MoveNext (6/6 branches)"
"Logging\LoggerService.cs","POS.Infrastructure.Logging.LoggerService","6","0","6","0","LogError (2/2 branches); Dispose (4/4 branches)"
"Security\PermissionService.cs","POS.Infrastructure.Security.PermissionService/<HasPermissionAsync>d__5","6","0","6","0","MoveNext (6/6 branches)"
"Printing\ESCPOSPrinter.cs","POS.Infrastructure.Printing.ESCPOSPrinter/<SendViaNetworkAsync>d__17","10","4","6","40","MoveNext (6/10 branches)"
"Backup\BackupService.cs","POS.Infrastructure.Backup.BackupService/<EnforceRetentionPolicyAsync>d__8","8","3","5","37.5","MoveNext (5/8 branches)"
"Security\PasswordHasher.cs","POS.Infrastructure.Security.PasswordHasherCore","10","5","5","50","HashPassword (1/2 branches); VerifyPassword (4/8 branches)"
"Repositories\UnitOfWork.cs","POS.Infrastructure.Repositories.UnitOfWork/<CommitAsync>d__114","5","0","5","0","MoveNext (5/5 branches)"
"Security\AuditLogger.cs","POS.Infrastructure.Security.AuditLogger/<LogAsync>d__3","4","0","4","0","MoveNext (4/4 branches)"
"Backup\BackupBackgroundService.cs","POS.Infrastructure.Backup.BackupBackgroundService/<ExecuteAsync>d__5","4","0","4","0","MoveNext (4/4 branches)"
"Printing\ESCPOSPrinter.cs","POS.Infrastructure.Printing.ESCPOSPrinter","42","38","4","90.5","BuildItemLine (1/2 branches); GetNetworkPrinterStatus (2/6 branches); GetUsbPrinterStatus (1/10 branches)"
"Repositories\Repository.cs","POS.Infrastructure.Repositories.Repository`1/<GetPagedAsync>d__8","4","0","4","0","MoveNext (4/4 branches)"
"Repositories\UnitOfWork.cs","POS.Infrastructure.Repositories.UnitOfWork/<BeginTransactionAsync>d__113","4","0","4","0","MoveNext (4/4 branches)"
"Backup\SqlBackupExecutor.cs","POS.Infrastructure.Backup.SqlBackupExecutor/<SetSingleUserModeAsync>d__7","4","1","3","25","MoveNext (3/4 branches)"
"Printing\ESCPOSPrinter.cs","POS.Infrastructure.Printing.ESCPOSPrinter/<SendViaSerialAsync>d__18","6","3","3","50","MoveNext (3/6 branches)"
"Backup\SqlBackupExecutor.cs","POS.Infrastructure.Backup.SqlBackupExecutor/<SetMultiUserModeAsync>d__8","4","1","3","25","MoveNext (3/4 branches)"
"Repositories\UnitOfWork.cs","POS.Infrastructure.Repositories.UnitOfWork","2","0","2","0","Dispose (2/2 branches)"
"Security\PermissionService.cs","POS.Infrastructure.Security.PermissionService/<>c","2","0","2","0","<GetAllRolePermissionsAsync>b__7_1 (2/2 branches)"
"Backup\SqlBackupExecutor.cs","POS.Infrastructure.Backup.SqlBackupExecutor/<BackupDatabaseAsync>d__5","4","2","2","50","MoveNext (2/4 branches)"
"Printing\ESCPOSPrinter.cs","POS.Infrastructure.Printing.ESCPOSPrinter/<SendViaUsbAsync>d__19","10","8","2","80","MoveNext (2/10 branches)"
"Backup\BackupBackgroundService.cs","POS.Infrastructure.Backup.BackupBackgroundService","2","0","2","0",".ctor (2/2 branches)"
"DependencyInjection\InfrastructureServiceRegistration.cs","POS.Infrastructure.DependencyInjection.InfrastructureServiceRegistration","2","0","2","0","AddInfrastructure (2/2 branches)"
"Database\DesignTimeDbContextFactory.cs","POS.Infrastructure.Database.DesignTimeDbContextFactory","2","0","2","0","CreateDbContext (2/2 branches)"
"Printing\ESCPOSPrinter.cs","POS.Infrastructure.Printing.ESCPOSPrinter/<PrintKitchenTicketAsync>d__7","24","22","2","91.7","MoveNext (2/24 branches)"
"Printing\ESCPOSPrinter.cs","POS.Infrastructure.Printing.ESCPOSPrinter/<SendToPrinterAsync>d__16","8","6","2","75","MoveNext (2/8 branches)"
"Printing\ESCPOSPrinter.cs","POS.Infrastructure.Printing.ESCPOSPrinter/<TestPrinterAsync>d__8","4","3","1","75","MoveNext (1/4 branches)"
"Backup\BackupService.cs","POS.Infrastructure.Backup.BackupService","2","1","1","50",".ctor (1/2 branches)"
"Database\POSDbContext.cs","POS.Infrastructure.Database.POSDbContext","8","8","0","100",""
"Backup\BackupService.cs","POS.Infrastructure.Backup.BackupService/<DeleteBackupAsync>d__13","4","4","0","100",""
"Backup\BackupService.cs","POS.Infrastructure.Backup.BackupService/<CreateBackupAsync>d__10","4","4","0","100",""
"Database\DbInitializer.cs","POS.Infrastructure.Database.DbInitializer/<SeedData>d__1","16","16","0","100",""
"Backup\BackupService.cs","POS.Infrastructure.Backup.BackupService/<RestoreAsync>d__11","6","6","0","100",""
